,fit_time,score_time,test_precision,test_recall,test_f1,test_average_precision
0,5.81044340133667,0.06271839141845703,0.9397590361445783,0.8210526315789474,0.8764044943820225,0.8329647365877288
1,5.2944416999816895,0.06431293487548828,0.9852941176470589,0.7127659574468085,0.8271604938271605,0.8579480090579369
2,5.554852485656738,0.06146359443664551,0.9436619718309859,0.7127659574468085,0.8121212121212121,0.8189770926716023
3,5.172677040100098,0.06220412254333496,0.9259259259259259,0.7894736842105263,0.8522727272727273,0.8135697247740565
4,5.294713497161865,0.06286883354187012,0.9583333333333334,0.7263157894736842,0.8263473053892215,0.8519697981845382
