,fit_time,score_time,test_precision,test_recall,test_f1,test_average_precision
0,21.71374797821045,0.06125020980834961,0.9069767441860465,0.8210526315789474,0.861878453038674,0.8277110576750305
1,20.658778190612793,0.0612642765045166,0.9315068493150684,0.723404255319149,0.8143712574850299,0.8539890776916399
2,21.199625968933105,0.06020951271057129,0.92,0.7340425531914894,0.8165680473372781,0.8218067578039709
3,21.613236904144287,0.06247663497924805,0.9259259259259259,0.7894736842105263,0.8522727272727273,0.8082150609903246
4,19.931308269500732,0.06240510940551758,0.961038961038961,0.7789473684210526,0.8604651162790697,0.8483855404629479
