,fit_time,score_time,test_precision,test_recall,test_f1,test_average_precision
0,17.156054496765137,0.0637214183807373,0.896551724137931,0.8210526315789474,0.8571428571428571,0.8284238492343279
1,16.829589366912842,0.061969757080078125,0.9493670886075949,0.7978723404255319,0.8670520231213873,0.8500571445469189
2,17.348538398742676,0.06429553031921387,0.8795180722891566,0.776595744680851,0.8248587570621468,0.8248357230888137
3,16.8849880695343,0.06541275978088379,0.8777777777777778,0.8315789473684211,0.8540540540540541,0.8199310318646288
4,16.77903962135315,0.06279587745666504,0.9176470588235294,0.8210526315789474,0.8666666666666667,0.8411573263638482
