,fit_time,score_time,test_precision,test_recall,test_f1,test_average_precision
0,18.06420373916626,0.06263160705566406,0.9390243902439024,0.8105263157894737,0.8700564971751412,0.8155646533270972
1,18.773866653442383,0.1878962516784668,0.9710144927536232,0.7127659574468085,0.8220858895705522,0.8505987317091334
2,18.81253719329834,0.061804771423339844,0.9054054054054054,0.7127659574468085,0.7976190476190477,0.8131998308267205
3,18.100232124328613,0.062387704849243164,0.9156626506024096,0.8,0.8539325842696629,0.8053452896786198
4,18.57754635810852,0.06279706954956055,0.9594594594594594,0.7473684210526316,0.8402366863905325,0.8524001512338123
