,fit_time,score_time,test_precision,test_recall,test_f1,test_average_precision
0,20.031559467315674,0.06081366539001465,0.9069767441860465,0.8210526315789474,0.861878453038674,0.8257609226258766
1,20.227130889892578,0.06252074241638184,0.9367088607594937,0.7872340425531915,0.8554913294797688,0.852651700728657
2,19.685311794281006,0.061251163482666016,0.8452380952380952,0.7553191489361702,0.797752808988764,0.8131952057191378
3,19.59143328666687,0.06154799461364746,0.8764044943820225,0.8210526315789474,0.8478260869565217,0.8127735781340627
4,19.807525396347046,0.06116342544555664,0.9047619047619048,0.8,0.8491620111731844,0.8491822355084262
