,fit_time,score_time,test_precision,test_recall,test_f1,test_average_precision
0,8.79675555229187,0.060953617095947266,0.9397590361445783,0.8210526315789474,0.8764044943820225,0.8332550150383229
1,7.970377445220947,0.06150674819946289,0.9583333333333334,0.7340425531914894,0.8313253012048193,0.8578493167067438
2,8.158495903015137,0.06113910675048828,0.918918918918919,0.723404255319149,0.8095238095238095,0.8221859453110939
3,7.959083557128906,0.06091737747192383,0.926829268292683,0.8,0.8587570621468926,0.8226595135803191
4,8.16096830368042,0.06143546104431152,0.9487179487179487,0.7789473684210526,0.8554913294797688,0.8649828849090593
