,fit_time,score_time,test_precision,test_recall,test_f1,test_average_precision
0,1.7558579444885254,0.05398750305175781,0.8955223880597015,0.631578947368421,0.7407407407407407,0.773910564720996
1,0.8456623554229736,0.01767253875732422,0.8983050847457628,0.5638297872340425,0.6928104575163399,0.7362614841072721
2,0.7294297218322754,0.0296633243560791,0.8615384615384616,0.5957446808510638,0.7044025157232704,0.7126107066160691
3,0.897991418838501,0.017273426055908203,0.8571428571428571,0.631578947368421,0.7272727272727273,0.7430407284946006
4,0.7688958644866943,0.01686859130859375,0.8484848484848485,0.5894736842105263,0.6956521739130435,0.7394863520722659
