,fit_time,score_time,test_precision,test_recall,test_f1,test_average_precision
0,12.73987889289856,0.016312837600708008,0.8823529411764706,0.631578947368421,0.7361963190184049,0.7735881450476743
1,13.412304878234863,0.016200542449951172,0.9,0.574468085106383,0.7012987012987013,0.7384387106860898
2,14.930360555648804,0.016073942184448242,0.8615384615384616,0.5957446808510638,0.7044025157232704,0.713477852350781
3,14.224067687988281,0.015571355819702148,0.863013698630137,0.6631578947368421,0.75,0.7441646238553818
4,13.155155658721924,0.015995502471923828,0.8676470588235294,0.6210526315789474,0.7239263803680982,0.7430855643595108
