,fit_time,score_time,test_precision,test_recall,test_f1,test_average_precision
0,1.8134799003601074,0.030399560928344727,0.060801144492131615,0.8947368421052632,0.11386470194239785,0.7618071772593138
1,1.8550238609313965,0.01731586456298828,0.06062767475035663,0.9042553191489362,0.11363636363636363,0.739551317720475
2,1.5801880359649658,0.01705026626586914,0.06178977272727273,0.925531914893617,0.11584553928095873,0.7043362528031827
3,1.9099788665771484,0.024762868881225586,0.0625,0.9052631578947369,0.11692726036709722,0.7292658024586444
4,1.6508233547210693,0.017277240753173828,0.060216508795669824,0.9368421052631579,0.11315956770502225,0.723159099024451
