,fit_time,score_time,test_precision,test_recall,test_f1,test_average_precision
0,1.9654784202575684,0.016537189483642578,0.05659121171770972,0.8947368421052632,0.10644959298685035,0.7602834912690458
1,1.728752613067627,0.016321897506713867,0.05551883674818242,0.8936170212765957,0.104542626011201,0.7406114999539866
2,1.6033945083618164,0.016326427459716797,0.060124395300621976,0.925531914893617,0.11291369240752758,0.6970678042105375
3,2.3406178951263428,0.015997886657714844,0.05548387096774193,0.9052631578947369,0.10455927051671733,0.7274383575762481
4,1.8253631591796875,0.01747894287109375,0.05732899022801303,0.9263157894736842,0.10797546012269939,0.7188948488295896
