,fit_time,score_time,test_precision,test_recall,test_f1,test_average_precision
0,0.3209671974182129,0.04808521270751953,0.03788546255506608,0.9052631578947369,0.07272727272727272,0.7195940620455434
1,0.32215189933776855,0.046953439712524414,0.043037974683544304,0.9042553191489362,0.08216529724504591,0.6369767526310428
2,0.2919034957885742,0.048117637634277344,0.0332174584781769,0.9148936170212766,0.064107342527022,0.6394320759258303
3,0.29739904403686523,0.04999184608459473,0.0344964314036479,0.9157894736842105,0.06648834543370272,0.5490851662646935
4,0.34403395652770996,0.05149054527282715,0.04782608695652174,0.9263157894736842,0.09095607235142118,0.6594864592985809
