,fit_time,score_time,test_precision,test_recall,test_f1,test_average_precision
0,23.003841876983643,0.09374594688415527,0.7596153846153846,0.8315789473684211,0.7939698492462312,0.8227969958430188
1,17.77422022819519,0.04743814468383789,0.7549019607843137,0.8191489361702128,0.7857142857142857,0.8181977783909352
2,17.347556829452515,0.047945499420166016,0.7128712871287128,0.7659574468085106,0.7384615384615385,0.7724507789190408
3,21.58590054512024,0.07015180587768555,0.7938144329896907,0.8105263157894737,0.8020833333333334,0.7665338883887072
4,23.995927333831787,0.04990792274475098,0.7428571428571429,0.8210526315789474,0.78,0.817203246658267
