,fit_time,score_time,test_precision,test_recall,test_f1,test_average_precision
0,6.5866758823394775,0.04744839668273926,0.9080459770114943,0.8315789473684211,0.8681318681318682,0.8589246228046902
1,8.686668634414673,0.0471343994140625,0.9342105263157895,0.7553191489361702,0.8352941176470589,0.8467440345824567
2,8.89189338684082,0.04896235466003418,0.8765432098765432,0.7553191489361702,0.8114285714285714,0.7966019530989618
3,9.682817220687866,0.05933976173400879,0.9,0.7578947368421053,0.8228571428571428,0.8114770737470931
4,11.311256170272827,0.04726815223693848,0.9078947368421053,0.7263157894736842,0.8070175438596491,0.8417631959886046
