,fit_time,score_time,test_precision,test_recall,test_f1,test_average_precision
0,15.453954458236694,0.1194772720336914,0.8061224489795918,0.8315789473684211,0.8186528497409327,0.8363745784752005
1,21.028553247451782,0.07632064819335938,0.7272727272727273,0.7659574468085106,0.7461139896373057,0.7996837515661902
2,22.398733377456665,0.10348844528198242,0.7951807228915663,0.7021276595744681,0.7457627118644068,0.7458741810954482
3,21.61547350883484,0.10512280464172363,0.7475728155339806,0.8105263157894737,0.7777777777777778,0.7695411304418545
4,25.0183846950531,0.09226846694946289,0.8571428571428571,0.8210526315789474,0.8387096774193549,0.8436387734331711
