,fit_time,score_time,test_precision,test_recall,test_f1,test_average_precision
0,19.433226108551025,0.04502749443054199,0.8876404494382022,0.8315789473684211,0.8586956521739131,0.8532820767048409
1,22.323762893676758,0.057750701904296875,0.9125,0.776595744680851,0.8390804597701149,0.8486632938660044
2,21.638330936431885,0.04553103446960449,0.8470588235294118,0.7659574468085106,0.8044692737430168,0.7798718549594196
3,25.745190382003784,0.05865120887756348,0.958904109589041,0.7368421052631579,0.8333333333333334,0.8328421917683304
4,22.51234459877014,0.04472184181213379,0.9146341463414634,0.7894736842105263,0.847457627118644,0.8464595030193909
