,fit_time,score_time,test_precision,test_recall,test_f1,test_average_precision
0,16.830312252044678,0.0586695671081543,0.7547169811320755,0.8421052631578947,0.7960199004975125,0.8382125835877755
1,17.374127626419067,0.059169769287109375,0.7425742574257426,0.7978723404255319,0.7692307692307693,0.8041376293369662
2,21.2019624710083,0.11128950119018555,0.7340425531914894,0.7340425531914894,0.7340425531914894,0.7512526713878064
3,21.588847637176514,0.049976348876953125,0.7575757575757576,0.7894736842105263,0.7731958762886598,0.7727459264551817
4,17.010951042175293,0.045415401458740234,0.6964285714285714,0.8210526315789474,0.7536231884057971,0.8207265051287277
