,fit_time,score_time,test_precision,test_recall,test_f1,test_average_precision
0,17.23006248474121,0.05674576759338379,0.7142857142857143,0.8421052631578947,0.7729468599033816,0.835213014232006
1,17.704749584197998,0.057590484619140625,0.6972477064220184,0.8085106382978723,0.7487684729064039,0.8164854782125596
2,27.385152101516724,0.14503192901611328,0.7528089887640449,0.7127659574468085,0.73224043715847,0.7342880257809488
3,18.72447156906128,0.057682037353515625,0.7777777777777778,0.8105263157894737,0.7938144329896907,0.7745151933274509
4,18.7129545211792,0.059515953063964844,0.74,0.7789473684210526,0.7589743589743589,0.7978444127440415
