,fit_time,score_time,test_precision,test_recall,test_f1,test_average_precision
0,9.396171569824219,0.0634765625,0.9285714285714286,0.8210526315789474,0.8715083798882681,0.8198480353878403
1,9.41826343536377,0.06402420997619629,0.972972972972973,0.7659574468085106,0.8571428571428571,0.860187797975433
2,9.03096342086792,0.0745384693145752,0.9324324324324325,0.7340425531914894,0.8214285714285714,0.8046430936852698
3,9.359656810760498,0.06190657615661621,0.926829268292683,0.8,0.8587570621468926,0.8116321502139664
4,9.863464832305908,0.06094980239868164,0.9605263157894737,0.7684210526315789,0.8538011695906432,0.8453978519272212
