,fit_time,score_time,test_precision,test_recall,test_f1,test_average_precision
0,23.048405170440674,0.06083083152770996,0.9069767441860465,0.8210526315789474,0.861878453038674,0.8277110576750305
1,19.682586193084717,0.06044793128967285,0.9315068493150684,0.723404255319149,0.8143712574850299,0.8539890776916399
2,22.355628490447998,0.060331106185913086,0.92,0.7340425531914894,0.8165680473372781,0.8218067578039709
3,21.291529893875122,0.062094688415527344,0.9259259259259259,0.7894736842105263,0.8522727272727273,0.8082150609903246
4,20.13655734062195,0.061361074447631836,0.961038961038961,0.7789473684210526,0.8604651162790697,0.8483855404629479
