,fit_time,score_time,test_precision,test_recall,test_f1,test_average_precision
0,22.625522136688232,0.06261539459228516,0.9294117647058824,0.8315789473684211,0.8777777777777778,0.8308444829693078
1,23.126866340637207,0.06240081787109375,0.961038961038961,0.7872340425531915,0.8654970760233918,0.8613620371156079
2,22.23151731491089,0.06523919105529785,0.9324324324324325,0.7340425531914894,0.8214285714285714,0.8092744279630658
3,22.397255420684814,0.06320333480834961,0.927710843373494,0.8105263157894737,0.8651685393258427,0.8055530325502269
4,22.99117112159729,0.061902523040771484,0.935064935064935,0.7578947368421053,0.8372093023255814,0.8475546267939167
