,fit_time,score_time,test_precision,test_recall,test_f1,test_average_precision
0,16.01314616203308,0.07161545753479004,0.896551724137931,0.8210526315789474,0.8571428571428571,0.8284238492343279
1,16.453768968582153,0.06347441673278809,0.9493670886075949,0.7978723404255319,0.8670520231213873,0.8500571445469189
2,16.5396728515625,0.06487131118774414,0.8795180722891566,0.776595744680851,0.8248587570621468,0.8248357230888137
3,16.069870233535767,0.06550097465515137,0.8777777777777778,0.8315789473684211,0.8540540540540541,0.8199310318646288
4,16.46920609474182,0.06355690956115723,0.9176470588235294,0.8210526315789474,0.8666666666666667,0.8411573263638482
