,fit_time,score_time,test_precision,test_recall,test_f1,test_average_precision
0,8.338387727737427,0.09912896156311035,0.9397590361445783,0.8210526315789474,0.8764044943820225,0.8332654389143188
1,7.605966567993164,0.06749415397644043,0.9583333333333334,0.7340425531914894,0.8313253012048193,0.8586495513678594
2,7.9398512840271,0.06819415092468262,0.918918918918919,0.723404255319149,0.8095238095238095,0.8228016606892344
3,7.326848983764648,0.062012672424316406,0.926829268292683,0.8,0.8587570621468926,0.8226595135803191
4,7.699449777603149,0.06218457221984863,0.9487179487179487,0.7789473684210526,0.8554913294797688,0.8649828849090593
