,fit_time,score_time,test_precision,test_recall,test_f1,test_average_precision
0,18.461255073547363,0.06174659729003906,0.9176470588235294,0.8210526315789474,0.8666666666666667,0.8151224123938329
1,17.38909077644348,0.0620419979095459,0.9487179487179487,0.7872340425531915,0.8604651162790697,0.8491462962305494
2,18.471972227096558,0.06417369842529297,0.8333333333333334,0.7446808510638298,0.7865168539325843,0.8053578142181377
3,17.33492922782898,0.06395483016967773,0.8876404494382022,0.8315789473684211,0.8586956521739131,0.8240111993660003
4,18.204288005828857,0.06284809112548828,0.8953488372093024,0.8105263157894737,0.850828729281768,0.8498745880522408
